Entity,Type,Abilities
8-Bit Shooter,Vehicle,Flying Ability
8-Legged Stalker,Vehicle,"Dig Ability, Super Strength Ability"
Abby Yates,Character,"Character Changing Ability, Charge Transfer Ability, Ghost Chipper Ability, Ghost Puzzles Ability, Ghost Trap Ability, Hazard Protection Ability, Intelligence Ability, Laser Ability, Melt Ice Ability, P.K.E. Meter Ability, Suspend Ghost Ability"
ACU Trooper,Character,"Electricity Ability, Illumination Ability"
Aerial Spyhunter,Vehicle,"Cargo Hook Ability, Flight Dock Ability, Flying Ability, Laser Ability"
Aerial Squad Car,Vehicle,"Cargo Hook Ability, Flight Dock Ability, Flying Ability"
Ancient Psychic Tandem War Elephant,Vehicle,Laser Ability
Andy,Character,"Acrobat Ability, Character Changing Ability, Sonar Smash Ability"
Anti-Gravity Rocket Bike,Vehicle,"Cargo Hook Ability, Flight Dock Ability, Flying Ability"
Aqua Watercraft,Vehicle,Dive Ability
Aquaman,Character,"Atlantis Elemental Ability, Dive Ability, Growth Ability, Hazard Cleaner Ability, Water Spray Ability"
Arcade Machine,Vehicle,Arcade Dock Ability
Arrow Launcher,Vehicle,"Accelerator Switches Ability, Target Ability"
Axe Chariot,Vehicle,"Accelerator Switches Ability, Tow Bar Ability"
Axe Hurler,Vehicle,Accelerator Switches Ability
B. A. 's Van,Vehicle,Accelerator Switches Ability
B.A. Baracus,Character,"A-Team Master Build, Character Changing Ability, Fix-It Ability, Laser Deflector Ability, Silver LEGO Blowup Ability, Super Strength Ability, Target Ability"
Bad Cop,Character,"Laser Ability, Melt Ice Ability, Relic Detector Ability, Target Ability"
Bane,Character,"Big Transform Ability, Hazard Protection Ability, Super Strength Ability"
Bane Dig 'n' Drill,Vehicle,"Dig Ability, Drill Ability"
Bane Drill 'n' Blast,Vehicle,"Dig Ability, Drill Ability, Silver LEGO Blowup Ability, Special Attack Ability"
Bart Simpson,Character,"Mini Access Ability, Target Ability"
Bat-Raptor,Vehicle,"Super Jump Ability, Super Strength Ability"
Bat-Tank,Vehicle,"Accelerator Switches Ability, Silver LEGO Blowup Ability"
Batblaster,Vehicle,"Accelerator Switches Ability, Sonar Smash Ability"
Batgirl,Character,"Boomerang Ability, Detective Mode Ability, Glide Ability, Grapple Ability, High Security Access Ability, Master Build Ability, Rope Swing Ability, Stealth Ability"
Batman,Character,"Boomerang Ability, Grapple Ability, Stealth Ability"
Batman (The LEGO Batman Movie),Character,"Boomerang Ability, Detective Mode Ability, Glide Ability, Grapple Ability, Master Build Ability, Rope Swing Ability, Stealth Ability"
Batmobile,Vehicle,Accelerator Switches Ability
Battle Monkey,Vehicle,"Flying Ability, Silver LEGO Blowup Ability"
Batwing,Vehicle,"Cargo Hook Ability, Flight Dock Ability, Flying Ability"
Beast Boy,Character,"Atlantis Elemental Ability, Dig Ability, Dive Ability, Drone Mazes Ability, Flying Ability, Mini Access Ability, Shape Shift Ability, Slurp Access Ability, Tracking Ability"
Beetlejuice,Character,"Illumination Ability, Super Strength Ability"
Benny,Character,"Glide Ability, Hacking Ability, Master Build Ability, Sonar Smash Ability, Target Ability, Technology Ability"
Benny's Spaceship,Vehicle,"Cargo Hook Ability, Flight Dock Ability, Flying Ability"
Betelgeuse,Character,"Apparate Access Ability, Magic Ability, Mind Control Ability, Mini Access Ability, Slurp Access Ability"
Bionic Steed,Vehicle,"Special Attack Ability, Super Jump Ability"
Blade Bike,Vehicle,Accelerator Switches Ability
Blades of Fire,Vehicle,"Flying Ability, Laser Ability, Special Attack Ability"
Blast Cam,Gadget,Silver LEGO Blowup Ability
Blossom,Character,"Dive Ability, Flying Ability, Freeze Breath Ability, Heart Regen Ability, Intelligence Ability, Laser Ability, LEGO Constructs Ability, Super Strength Ability, X-Ray Vision Ability"
Blue Typhoon,Vehicle,"Cargo Hook Ability, Cursed Red LEGO Objects Ability, Flight Dock Ability, Flying Ability, Sonar Smash Ability"
BMO,Vehicle,BMO Docking Stations Ability
BMX Bike,Vehicle,"Accelerator Switches Ability, Cargo Hook Ability, Flight Dock Ability, Flying Ability"
Boulder Blaster,Vehicle,"Flying Ability, Silver LEGO Blowup Ability"
Boulder Bomber,Vehicle,"Cargo Hook Ability, Flight Dock Ability, Flying Ability"
Brand,Character,"Acrobat Ability, Character Changing Ability, Dive Ability"
Bubbles,Character,"Atlantis Elemental Ability, Dive Ability, Flying Ability, Heart Regen Ability, Laser Ability, LEGO Constructs Ability, Rainbow LEGO Objects Ability, Sonar Smash Ability, Super Strength Ability"
Buckbeak,Vehicle,"Flying Ability, Silver LEGO Blowup Ability"
Buttercup,Character,"Dive Ability, Flying Ability, Gyrosphere Switches Ability, Heart Regen Ability, LEGO Constructs Ability, Super Strength Ability"
Canon Bike,Vehicle,Accelerator Switches Ability
Chase McCain,Character,"Acrobat Ability, Drill Ability, Flying Ability, Glide Ability, Grapple Ability, Growth Ability, Hacking Ability, Hazard Cleaner Ability, Illumination Ability, Relic Detector Ability, Rope Swing Ability, Silver LEGO Blowup Ability, Super Strength Ability, Target Ability, Tracking Ability, Uniform Changing Ability, Water Spray Ability"
Chell,Character,"Acrobat Ability, Portal Gun Ability"
Chunk,Character,"Character Changing Ability, Mini Access Ability, Target Ability, Truffle Shuffle Ability, Vine Cut Ability"
Cloud Cuckoo Car,Vehicle,"Cargo Hook Ability, Flight Dock Ability, Flying Ability"
Clown Bike,Vehicle,Accelerator Switches Ability
Cole,Character,"Acrobat Ability, Laser Deflector Ability, Spinjitzu Ability, Stealth Ability, Super Strength Ability"
Commander Monkey,Vehicle,"Flying Ability, Silver LEGO Blowup Ability, Sonar Smash Ability"
Companion Cube,Vehicle,Weight Switch Ability
Cosmic Squid,Vehicle,"Cargo Hook Ability, Flight Dock Ability, Flying Ability, Silver LEGO Blowup Ability, Water Spray Ability"
Crabmeat,Vehicle,"Guardian Ability, Laser Ability, Super Jump Ability"
Cragger,Character,"Chi Ability, Dive Ability, Hazard Protection Ability, Super Strength Ability"
Cragger's Fireship,Vehicle,"Special Attack Ability, Speed Ability"
Crawling Creeper,Vehicle,"Dig Ability, Electricity Ability"
Croc Command Sub,Vehicle,"Dive Ability, Silver LEGO Blowup Ability"
Cyber-Guard,Vehicle,Super Strength Ability
Cyber-Wrecker,Vehicle,"Dig Ability, Silver LEGO Blowup Ability, Super Strength Ability"
Cyberman,Character,"Dive Ability, Drone Mazes Ability, Hacking Ability, Mind Control Ability, Silver LEGO Blowup Ability, Technology Ability, X-Ray Vision Ability"
Cyborg,Character,"Big Transform Ability, Character Changing Ability, Dive Ability, Laser Ability, Melt Ice Ability, Super Strength Ability, Target Ability, Technology Ability"
Cyborg (Teen Titans Go!),Character,"Character Changing Ability, Dive Ability, Fix-It Ability, Flying Ability, Laser Ability, Melt Ice Ability, Super Strength Ability, Target Ability, Technology Ability"
Cyclone Board,Vehicle,Special Attack Ability
Cyclone Jet,Vehicle,"Flying Ability, Special Attack Ability"
Dalek,Vehicle,Target Ability
Data,Character,"Character Changing Ability, Fix-It Ability, Grapple Ability, Illumination Ability, Intelligence Ability, Mini Access Ability, Rope Swing Ability, Technology Ability, Tracking Ability, X-Ray Vision Ability"
DeLorean Time Machine,Vehicle,Accelerator Switches Ability
Destroy Dozer,Vehicle,"Accelerator Switches Ability, Dig Ability"
Destruct-o-Mech,Vehicle,Super Strength Ability
Doc Brown,Character,"Drone Mazes Ability, Fix-It Ability, Hacking Ability, Intelligence Ability, Technology Ability"
DOGMO,Vehicle,"BMO Docking Stations Ability, Dig Ability"
Drill Driver,Vehicle,"Accelerator Switches Ability, Dig Ability, Drill Ability"
E.T.,Character,"Fix-It Ability, Growth Ability, Heart Regen Ability, Illumination Ability, Magic Ability, Mini Access Ability, Stealth Ability"
E.T.'s Spaceship,Vehicle,"Cargo Hook Ability, Flight Dock Ability, Flying Ability"
Eagle Interceptor,Vehicle,"Cargo Hook Ability, Flight Dock Ability, Flying Ability"
Eagle Sky Blazer,Vehicle,"Cargo Hook Ability, Flight Dock Ability, Flying Ability, Silver LEGO Blowup Ability, Speed Ability"
Eagle Swoop Diver,Vehicle,"Cargo Hook Ability, Flight Dock Ability, Flying Ability, Laser Ability, Silver LEGO Blowup Ability"
Ecto-1,Vehicle,Accelerator Switches Ability
Ecto-1 (2016),Vehicle,"Accelerator Switches Ability, Silver LEGO Blowup Ability"
Ecto-1 Blaster,Vehicle,"Accelerator Switches Ability, Growth Ability, Hazard Cleaner Ability, Water Spray Ability"
Ecto-1 Water Diver,Vehicle,"Dive Ability, Silver LEGO Blowup Ability"
Ectozer,Vehicle,"Accelerator Switches Ability, Special Attack Ability"
Eggcatcher,Vehicle,"Cargo Hook Ability, Electricity Ability, Flight Dock Ability, Flying Ability"
Egon Spengler,Character,"Character Changing Ability, Ghost Puzzles Ability, Hazard Protection Ability, Laser Ability"
Electric Time Machine,Vehicle,"Accelerator Switches Ability, Electricity Ability, Time Travel Ability"
Electro-Shooter,Vehicle,"Cargo Hook Ability, Electricity Ability, Flight Dock Ability, Flying Ability, Laser Ability"
Emmet,Character,"Drill Ability, Fix-It Ability, Master Build Ability"
Emmet's Excavator,Vehicle,"Accelerator Switches Ability, Dig Ability"
Enchanted Car,Vehicle,"Accelerator Switches Ability, Cargo Hook Ability, Flight Dock Ability, Flying Ability, Stealth Ability"
Energy-Burst TARDIS,Vehicle,"Cargo Hook Ability, Flight Dock Ability, Flying Ability"
Erin Gilbert,Character,"Character Changing Ability, Ghost Puzzles Ability, Ghost Trap Ability, Hazard Protection Ability, Intelligence Ability, Laser Ability, Melt Ice Ability, Silver LEGO Blowup Ability, Technology Ability"
Eris,Character,"Chi Ability, Flying Ability, Super Strength Ability, Target Ability"
Ethan Hunt,Character,"Acrobat Ability, Dive Ability, Drone Mazes Ability, Fuse Box Ability, Grapple Ability, Magno Gloves Ability, Rope Swing Ability, Scan Disguise Ability, Silver LEGO Blowup Ability, Stealth Ability, Target Ability, Technology Ability, X-Ray Vision Ability"
Excalibur Batman,Character,"Boomerang Ability, Grapple Ability, Laser Deflector Ability, Master Build Ability, Rope Swing Ability, Stealth Ability, Super Strength Ability, Sword Switch Ability"
Fanged Fortune,Vehicle,"Growth Ability, Hazard Cleaner Ability, Water Spray Ability"
Fern,Character,"Acrobat Ability, Character Changing Ability, Cursed Red LEGO Objects Ability, Grapple Ability, Laser Ability, Laser Deflector Ability, Melt Ice Ability, Pole Vault Ability, Rope Swing Ability, Sword Switch Ability, Target Ability, Vine Cut Ability"
Fierce Falcon,Vehicle,"Flying Ability, Sonar Smash Ability"
Finn the Human,Character,"Acrobat Ability, Character Changing Ability, Cursed Red LEGO Objects Ability, Grapple Ability, Laser Ability, Laser Deflector Ability, Melt Ice Ability, Pole Vault Ability, Rope Swing Ability, Sword Switch Ability, Target Ability, Vine Cut Ability, Weapon Switch Ability"
Fire 'n' Ride Dalek,Vehicle,"Laser Ability, Turret Switch Ability"
Flash 'n' Finish,Vehicle,"Laser Ability, Sonar Smash Ability"
Flying Fire Bike,Vehicle,"Cargo Hook Ability, Flying Ability"
Flying Time Train,Vehicle,"Cargo Hook Ability, Flight Dock Ability, Flying Ability"
Flying Turret Carrier,Vehicle,"Cargo Hook Ability, Flying Ability, Silver LEGO Blowup Ability"
Flying White Dragon,Vehicle,Flying Ability
Fool Smasher,Vehicle,"Accelerator Switches Ability, Silver LEGO Blowup Ability, Super Strength Ability"
Franz Krieger,Character,Target Ability
Freeze Fighter,Vehicle,"Cargo Hook Ability, Flight Dock Ability, Flying Ability, Laser Ability"
G-6155 Spy Hunter,Vehicle,Accelerator Switches Ability
Gadget-O-Matic,Vehicle,"Accelerator Switches Ability, Cursed Red LEGO Objects Ability, Silver LEGO Blowup Ability, Sonar Smash Ability, Special Attack Ability"
Gamer Kid,Character,"Invulnerability Ability, Laser Ability, Melt Ice Ability, Speed Ability, Stealth Ability, Super Strength Ability"
Gandalf the Grey,Character,"Illumination Ability, Magic Ability, Magical Shield Ability"
Ghost Stun 'n' Trap,Gadget,"Ghost Trap Ability, Special Attack Ability"
Ghost Trap,Gadget,Ghost Trap Ability
Giant Hand,Vehicle,"Dig Ability, Super Strength Ability"
Giant Owl,Vehicle,"Electricity Ability, Flying Ability"
Gimli,Character,"Mini Access Ability, Super Strength Ability"
Gizmo,Character,"Acrobat Ability, Dig Ability, Grapple Ability, Gremlin Transform Ability, Mini Access Ability, Rope Swing Ability, Silver LEGO Blowup Ability, Target Ability, Vine Cut Ability"
Glaciator,Vehicle,"Cargo Hook Ability, Flight Dock Ability, Flying Ability, Special Attack Ability"
Gold Heart Emitter,Gadget,Heart Regen Ability
Golden Fire Dragon,Vehicle,"Flying Ability, Special Attack Ability"
Goliath Armored Semi,Vehicle,"Accelerator Switches Ability, Electricity Ability, Invulnerability Ability, Super Strength Ability"
Gollum,Character,"Acrobat Ability, Boomerang Ability, Dive Ability, Mini Access Ability, Silver LEGO Blowup Ability"
Gravity Sprinter,Vehicle,Accelerator Switches Ability
Green Arrow,Character,"Acrobat Ability, Grapple Ability, Pole Vault Ability, Target Ability"
Gyrosphere,Vehicle,Gyrosphere Switches Ability
"H.M. ""Howling Mad"" Murdock",Character,"Character Changing Ability, Silver LEGO Blowup Ability, Target Ability"
Harley Quinn,Character,"Acrobat Ability, Super Strength Ability"
Harry Potter,Character,"Apparate Access Ability, Diffindo Ability, Flying Ability, Growth Ability, Hazard Cleaner Ability, Illumination Ability, Laser Deflector Ability, Magic Ability, Magical Shield Ability, Parseltongue Doors Ability, Silver LEGO Blowup Ability, Stealth Ability, Target Ability, Water Spray Ability"
Heavy Metal Monster,Vehicle,"Cursed Red LEGO Objects Ability, Flying Ability, Guardian Ability, Laser Ability, Sonar Smash Ability, Super Strength Ability"
Hermione Granger,Character,"Acrobat Ability, Apparate Access Ability, Diffindo Ability, Growth Ability, Hazard Cleaner Ability, Illumination Ability, Intelligence Ability, Laser Deflector Ability, Magic Ability, Magical Shield Ability, Silver LEGO Blowup Ability, Target Ability, Water Spray Ability"
Hogwarts Express,Vehicle,"Accelerator Switches Ability, Sonar Smash Ability"
Homer Simpson,Character,"Big Transform Ability, Chili Eating Ability, Sonar Smash Ability, Super Strength Ability"
Homer's Car,Vehicle,Accelerator Switches Ability
Hover Jake,Vehicle,"Guardian Ability, Water Spray Ability"
Hover Pod,Vehicle,"Cargo Hook Ability, Flight Dock Ability, Flying Ability"
IMF Covert Jet,Vehicle,"Cargo Hook Ability, Dive Ability, Flight Dock Ability, Flying Ability, Special Attack Ability, Stealth Ability"
IMF Scrambler,Vehicle,"Accelerator Switches Ability, Special Attack Ability, Stealth Ability"
IMF Splorer,Vehicle,"Dive Ability, Drone Mazes Ability, Underwater Drone Ability, Underwater Interactions Ability"
IMF Sport Car,Vehicle,Accelerator Switches Ability
IMF Tank,Vehicle,"Accelerator Switches Ability, Laser Ability, Super Strength Ability"
Inferno Cannon,Vehicle,Silver LEGO Blowup Ability
Interdiver,Vehicle,"Dive Ability, Silver LEGO Blowup Ability"
Invisible Jet,Vehicle,"Flight Dock Ability, Flying Ability, Stealth Ability"
Jacob Kowalski,Character,"Character Changing Ability, Silver LEGO Blowup Ability"
Jake the Dog,Character,"Big Transform Ability, Dig Ability, Dive Ability, Drill Ability, Drone Mazes Ability, Grapple Ability, Gyrosphere Switches Ability, Mini Access Ability, Rope Swing Ability, Shape Shift Ability, Slurp Access Ability, Sonar Smash Ability, Super Strength Ability, Tracking Ability"
Jakemobile,Vehicle,"Accelerator Switches Ability, Vine Cut Ability"
Jay,Character,"Acrobat Ability, Electricity Ability, Fix-It Ability, Intelligence Ability, Laser Deflector Ability, Spinjitzu Ability, Stealth Ability"
Jillian Holtzmann,Character,"Character Changing Ability, Fix-It Ability, Ghost Puzzles Ability, Ghost Trap Ability, Grapple Ability, Hazard Protection Ability, Intelligence Ability, Laser Ability, Melt Ice Ability, Rope Swing Ability, Technology Ability"
"John ""Hannibal"" Smith",Character,"Character Changing Ability, Silver LEGO Blowup Ability, Target Ability"
K-9,Vehicle,Silver LEGO Blowup Ability
K-9 Laser Cutter,Vehicle,"Laser Ability, Melt Ice Ability"
K-9 Ruff Rover,Vehicle,Sonar Smash Ability
K.I.T.T.,Vehicle,"Accelerator Switches Ability, Laser Ability"
K.I.T.T. Jet,Vehicle,"Flight Dock Ability, Flying Ability, Laser Ability, Silver LEGO Blowup Ability, Special Attack Ability"
Ka-Pow Cannon,Vehicle,Super Strength Ability
Kai,Character,"Acrobat Ability, Laser Ability, Laser Deflector Ability, Melt Ice Ability, Spinjitzu Ability, Stealth Ability"
Krusty the Clown,Character,"Growth Ability, Hazard Cleaner Ability, Target Ability, Water Spray Ability"
Krypton Striker,Vehicle,"Cargo Hook Ability, Flight Dock Ability, Flying Ability, Special Attack Ability"
Laser Deflector,Gadget,Laser Deflector Ability
Laser Robot Walker,Vehicle,Laser Ability
Laser Shooter,Vehicle,"Flying Ability, Laser Ability"
Laser-Pulse TARDIS,Vehicle,"Cargo Hook Ability, Flight Dock Ability, Flying Ability, Laser Ability"
Lasercraft,Vehicle,"Cargo Hook Ability, Flight Dock Ability, Flying Ability, Laser Ability"
Laval,Character,"Acrobat Ability, Chi Ability, Laser Deflector Ability, Sonar Smash Ability, Super Strength Ability"
Legolas,Character,"Acrobat Ability, Grind Rails Ability, Pole Vault Ability, Target Ability"
Lightning Jet,Vehicle,"Cargo Hook Ability, Electricity Ability, Flight Dock Ability, Flying Ability, Laser Ability"
Lion Blazer,Vehicle,Special Attack Ability
Lloyd,Character,"Acrobat Ability, Illumination Ability, Laser Deflector Ability, Spinjitzu Ability, Stealth Ability"
Lloyd's Golden Dragon,Vehicle,Flying Ability
Lock 'n' Laser Jet,Vehicle,"Cargo Hook Ability, Flight Dock Ability, Flying Ability, Laser Ability, Special Attack Ability"
Lord Voldemort,Character,"Apparate Access Ability, Diffindo Ability, Flying Ability, Growth Ability, Hazard Cleaner Ability, Illumination Ability, Laser Deflector Ability, Magic Ability, Magical Shield Ability, Mind Control Ability, Parseltongue Doors Ability, Silver LEGO Blowup Ability, Target Ability, Water Spray Ability"
Lumpy Car,Vehicle,"Accelerator Switches Ability, Speed Ability"
Lumpy Land Whale,Vehicle,"Dive Ability, Drone Mazes Ability, Sonar Smash Ability"
Lumpy Space Princess,Character,"Boomerang Ability, Flying Ability, Hazard Protection Ability, Mini Access Ability, Rainbow LEGO Objects Ability, Slurp Access Ability, Target Ability"
Lumpy Truck,Vehicle,"Accelerator Switches Ability, Flying Ability, Laser Ability, Rainbow LEGO Objects Ability"
Lunatic Amp,Vehicle,"Dig Ability, Sonar Smash Ability, Super Jump Ability"
Marceline the Vampire Queen,Character,"Acrobat Ability, Cursed Red LEGO Objects Ability, Dig Ability, Flying Ability, Heart Regen Ability, Magic Ability, Mini Access Ability, Slurp Access Ability, Sonar Smash Ability, Stealth Ability, Super Strength Ability, Tracking Ability, Vine Cut Ability"
Marty McFly,Character,Sonar Smash Ability
Mega Blast Bot,Vehicle,Silver LEGO Blowup Ability
Mega Flight Dragon,Vehicle,"Flying Ability, Special Attack Ability"
Michael Knight,Character,"Acrobat Ability, Hacking Ability, Technology Ability, Tracking Ability, X-Ray Vision Ability"
Mighty Lion Rider,Vehicle,Accelerator Switches Ability
Mikey,Character,"Character Changing Ability, Intelligence Ability, Mini Access Ability, Silver LEGO Blowup Ability"
Mischievous Missile Blaster,Vehicle,"Cargo Hook Ability, Flight Dock Ability, Flying Ability, Special Attack Ability"
Missile Blast Time Train,Vehicle,"Cargo Hook Ability, Flight Dock Ability, Flying Ability, Silver LEGO Blowup Ability, Time Travel Ability"
Missile Launcher,Vehicle,"Accelerator Switches Ability, Silver LEGO Blowup Ability"
Missile Striker,Vehicle,"Cargo Hook Ability, Flight Dock Ability, Flying Ability, Silver LEGO Blowup Ability"
Mobile Uplink,Vehicle,"Phone Home Ability, Special Attack Ability"
Monstrous Mouth,Vehicle,"Laser Ability, Vine Cut Ability"
Moto Bug,Vehicle,"Accelerator Switches Ability, Cursed Red LEGO Objects Ability, Dig Ability, Super Jump Ability, Vine Cut Ability"
Mouth,Character,"Character Changing Ability, Dig Ability, Hazard Protection Ability, Laser Deflector Ability, Mini Access Ability, Silver LEGO Blowup Ability"
Mystery Machine,Vehicle,Accelerator Switches Ability
Mystery Monster,Vehicle,"Growth Ability, Hazard Cleaner Ability, Water Spray Ability"
Mystery Tow & Go,Vehicle,"Accelerator Switches Ability, Tow Bar Ability"
Newt Scamander,Character,"Apparate Access Ability, Character Changing Ability, Diffindo Ability, Fantastical Briefcase Ability, Fix-It Ability, Growth Ability, Hazard Cleaner Ability, Illumination Ability, Intelligence Ability, Laser Deflector Ability, Lock Picking Ability, Magic Ability, Magical Shield Ability, Silver LEGO Blowup Ability, Target Ability, Water Spray Ability"
Niffler,Vehicle,Dig Ability
NinjaCopter,Vehicle,"Cargo Hook Ability, Flight Dock Ability, Flying Ability"
Nya,Character,"Acrobat Ability, Fix-It Ability, Laser Deflector Ability, Spinjitzu Ability, Stealth Ability"
Octi,Vehicle,"Dive Ability, Laser Ability"
One-Eyed Willy's Pirate Ship,Vehicle,Silver LEGO Blowup Ability
Owen Grady,Character,"Stealth Ability, Target Ability, Tracking Ability, Vine Cut Ability"
Pain Plane,Vehicle,"Cargo Hook Ability, Flying Ability, Tow Bar Ability"
Patty Tolan,Character,"Character Changing Ability, Ghost Chipper Ability, Ghost Puzzles Ability, Ghost Trap Ability, Hazard Protection Ability, Intelligence Ability, Laser Ability, Melt Ice Ability, Super Strength Ability, Technology Ability"
PerfEcto,Vehicle,"Cargo Hook Ability, Flying Ability, Tow Bar Ability"
Peter Venkman,Character,"Character Changing Ability, Ghost Puzzles Ability, Hazard Protection Ability, Laser Ability, Suspend Ghost Ability"
Phone Home,Vehicle,"Phone Home Ability, Sonar Smash Ability"
Poison Slinger,Vehicle,"Dig Ability, Special Attack Ability, Super Strength Ability"
Police Car,Vehicle,Accelerator Switches Ability
Police Helicopter,Vehicle,"Flight Dock Ability, Flying Ability, Special Attack Ability"
Police Hovercraft,Vehicle,Laser Ability
Police Plane,Vehicle,"Drone Mazes Ability, Flying Ability"
Powerpuff Mag-Net,Vehicle,Silver LEGO Blowup Ability
PPG Hotline,Gadget,Rainbow LEGO Objects Ability
PPG Smartphone,Vehicle,"Flying Ability, Laser Ability"
Proton Zapper,Vehicle,Laser Ability
Psychic Submarine,Vehicle,"Dive Ability, Drone Mazes Ability, Laser Ability"
Queenie Goldstein,Character,"Apparate Access Ability, Character Changing Ability, Diffindo Ability, Growth Ability, Hazard Cleaner Ability, Illumination Ability, Magic Ability, Magical Shield Ability, Mind Control Ability, Water Spray Ability"
Quinn Mobile,Vehicle,Accelerator Switches Ability
Quinn Ultra Racer,Vehicle,"Accelerator Switches Ability, Speed Ability"
R.C. Racer,Vehicle,"Accelerator Switches Ability, Electricity Ability"
Rainbow Cannon,Vehicle,"Cargo Hook Ability, Flight Dock Ability, Flying Ability, Rainbow LEGO Objects Ability"
Raven,Character,"Drone Mazes Ability, Electricity Ability, Flying Ability, Intelligence Ability, Laser Ability, LEGO Constructs Ability, Magic Ability, Magical Shield Ability, Raven Portals Ability"
Raven Wings,Vehicle,"Flying Ability, Laser Ability"
Raymond Stantz,Character,"Character Changing Ability, Ghost Puzzles Ability, Hazard Protection Ability, Laser Ability"
Robin (Teen Titans Go!),Character,"Acrobat Ability, Character Changing Ability, Dive Ability, Grapple Ability, Pole Vault Ability, Rope Swing Ability"
Robin (The LEGO Batman Movie),Character,"Acrobat Ability, Character Changing Ability, Dive Ability, Fix-It Ability, Glide Ability, Illumination Ability, Laser Deflector Ability, Pole Vault Ability, Suit Rip Ability, Vent Access Ability"
Robot Retriever,Vehicle,Electricity Ability
Samurai Mech,Vehicle,Super Strength Ability
Samurai Shooter,Vehicle,Silver LEGO Blowup Ability
Saturn's Sandworm,Vehicle,Sonar Smash Ability
Scarlet Scorpion,Vehicle,"Electricity Ability, Special Attack Ability, Super Jump Ability, Vine Cut Ability"
Scooby Fire Snack,Gadget,Laser Ability
Scooby Ghost Snack,Gadget,Stealth Ability
Scooby Snack,Gadget,Super Strength Ability
Scooby-Doo,Character,"Dig Ability, Dive Ability, Glide Ability, Stealth Ability, Tracking Ability"
Seeking Shooter,Vehicle,"Accelerator Switches Ability, Special Attack Ability, Target Ability"
Sensei Wu,Character,"Acrobat Ability, Glide Ability, Pole Vault Ability, Spinjitzu Ability, Stealth Ability"
Sentry Turret,Vehicle,"Silver LEGO Blowup Ability, Turret Switch Ability"
Seven Seas Speeder,Vehicle,"Dive Ability, Special Attack Ability, Speed Ability"
Shadow Scorpion,Vehicle,"Cargo Hook Ability, Flight Dock Ability, Flying Ability, Special Attack Ability"
Shaggy,Character,"Glide Ability, Illumination Ability, Stealth Ability, Tracking Ability"
Shark Sub,Vehicle,"Dive Ability, Drone Mazes Ability, Sonar Smash Ability"
Shelob the Great,Vehicle,Dig Ability
Shock Cycle,Vehicle,"Accelerator Switches Ability, Special Attack Ability, Stealth Ability"
Silver Shooter Dalek,Vehicle,"Cargo Hook Ability, Flight Dock Ability, Flying Ability, Silver LEGO Blowup Ability"
Sinister Scorpion,Vehicle,Special Attack Ability
Skele-Turkey,Vehicle,"Flying Ability, Laser Ability, Silver LEGO Blowup Ability"
Skeleton Jukebox,Vehicle,Sonar Smash Ability
Skeleton Organ,Vehicle,"Silver LEGO Blowup Ability, Skeleton Organ Port Ability, Sonar Smash Ability"
Sky Clobberer,Vehicle,"Cargo Hook Ability, Flight Dock Ability, Flying Ability"
Slammin' Guitar,Vehicle,Sonar Smash Ability
Slime Exploder,Gadget,Special Attack Ability
Slime Shooter,Gadget / Vehicle,"Special Attack Ability, Target Ability"
Slime Streamer,Gadget,"Silver LEGO Blowup Ability, Special Attack Ability"
Slimer,Character,"Boomerang Ability, Dive Ability, Flying Ability, Hazard Cleaner Ability, Hazard Protection Ability, Illumination Ability, Invulnerability Ability, Mini Access Ability, Slurp Access Ability, Sonar Smash Ability"
Sloth,Character,"Character Changing Ability, Dig Ability, Dive Ability, Grapple Ability, Rope Swing Ability, Super Strength Ability, Truffle Shuffle Ability"
Snail Dude Jake,Vehicle,"Guardian Ability, Sonar Smash Ability, Super Jump Ability, Super Strength Ability"
SNAKEMO,Vehicle,"BMO Docking Stations Ability, Electricity Ability"
Soaring Chariot,Vehicle,"Cargo Hook Ability, Flight Dock Ability, Flying Ability"
Soaring Samurai Mech,Vehicle,"Flight Dock Ability, Flying Ability"
Soaring Steam Plane,Vehicle,"Cargo Hook Ability, Flight Dock Ability, Flying Ability, Laser Ability"
Soaring Terror Dog,Vehicle,"Flying Ability, Special Attack Ability"
Sonic Batray,Vehicle,"Accelerator Switches Ability, Sonar Smash Ability, Special Attack Ability"
Sonic Beam Gyrosphere,Vehicle,"Gyrosphere Switches Ability, Sonar Smash Ability"
Sonic Speedster,Vehicle,"Accelerator Switches Ability, Cursed Red LEGO Objects Ability"
Sonic Squid,Vehicle,"Dive Ability, Sonar Smash Ability, Water Spray Ability"
Sonic the Hedgehog,Character,"Acrobat Ability, Grind Rails Ability, Invulnerability Ability, Laser Deflector Ability, Speed Ability, Super Jump Ability, Super Strength Ability"
Speed Boost Gyrosphere,Vehicle,"Gyrosphere Switches Ability, Speed Ability"
Spellbook of Azarath,Vehicle,"Cursed Red LEGO Objects Ability, Drone Mazes Ability, Flying Ability, Laser Ability"
Spike Attack Raptor,Vehicle,"Dig Ability, Special Attack Ability, Super Strength Ability, Tracking Ability, Vine Cut Ability"
Spooky Spider,Vehicle,Super Jump Ability
Starfire,Character,"Atlantis Elemental Ability, Flying Ability, Heart Regen Ability, Laser Ability, Rainbow LEGO Objects Ability"
Stay Puft,Character,"Big Transform Ability, Hazard Protection Ability, Super Strength Ability"
Steam Warrior,Vehicle,"Super Jump Ability, Super Strength Ability"
Stef,Character,"Acrobat Ability, Character Changing Ability, Dive Ability, Target Ability"
Storm Fighter,Vehicle,"Cargo Hook Ability, Flight Dock Ability, Flying Ability"
Street Shredder,Vehicle,"Accelerator Switches Ability, Speed Ability"
Stripe,Character,"Acrobat Ability, Dig Ability, Target Ability, Vine Cut Ability"
Stripe's Throne,Vehicle,"Cursed Red LEGO Objects Ability, Sonar Smash Ability, Super Jump Ability"
Super Skunk,Vehicle,"Dig Ability, Tracking Ability, Vine Cut Ability"
Super Stealth Pod,Vehicle,"Cargo Hook Ability, Flight Dock Ability, Flying Ability, Silver LEGO Blowup Ability"
Super-Charged Satellite,Vehicle,"Cargo Hook Ability, Flight Dock Ability, Flying Ability, Laser Ability, Silver LEGO Blowup Ability"
Supergirl,Character,"Dig Ability, Dive Ability, Flying Ability, Freeze Breath Ability, Grapple Ability, Invulnerability Ability, Laser Ability, LEGO Constructs Ability, Melt Ice Ability, Super Strength Ability, X-Ray Vision Ability"
Superman,Character,"Dive Ability, Flying Ability, Freeze Breath Ability, Invulnerability Ability, Laser Ability, Melt Ice Ability, Super Strength Ability, X-Ray Vision Ability"
Swooping Evil,Vehicle,Flying Ability
Sword Projector Dragon,Vehicle,"Flying Ability, Special Attack Ability"
T-Car,Vehicle,Accelerator Switches Ability
T-Forklift,Vehicle,"Accelerator Switches Ability, Drone Mazes Ability, Silver LEGO Blowup Ability"
T-Plane,Vehicle,"Accelerator Switches Ability, Cargo Hook Ability, Flight Dock Ability, Flying Ability"
T-Rocket,Vehicle,"Cargo Hook Ability, Flying Ability, Laser Ability"
TARDIS,Vehicle,"Cargo Hook Ability, Flight Dock Ability, Flying Ability, Stealth Ability, TARDIS Travel Ability"
Taunt-o-Vision,Gadget,"Silver LEGO Blowup Ability, Taunt Ability"
"Templeton ""Faceman"" Peck",Character,"Character Changing Ability, Silver LEGO Blowup Ability, Target Ability"
Terror Dog,Vehicle,Guardian Ability
Terror Dog Destroyer,Vehicle,"Dig Ability, Silver LEGO Blowup Ability"
The Annihilator,Vehicle,"Cargo Hook Ability, Flight Dock Ability, Flying Ability, Silver LEGO Blowup Ability"
The Batblaster,Vehicle,Accelerator Switches Ability
The Black Thunder,Vehicle,Accelerator Switches Ability
The Doctor,Character,"Doctor Regenerate Ability, Fix-It Ability, Hacking Ability, Intelligence Ability, Sonar Smash Ability, TARDIS Access Ability, Technology Ability"
The Joker,Character,"Electricity Ability, Grapple Ability, Hazard Protection Ability, Target Ability"
The Joker's Chopper,Vehicle,"Cargo Hook Ability, Flight Dock Ability, Flying Ability, Special Attack Ability"
The MechaHomer,Vehicle,Laser Ability
The Pixelator,Vehicle,Special Attack Ability
The SubmaHomer,Vehicle,"Dive Ability, Silver LEGO Blowup Ability"
The Tornado,Vehicle,"Cargo Hook Ability, Flight Dock Ability, Flying Ability"
Tina Goldstein,Character,"Acrobat Ability, Apparate Access Ability, Character Changing Ability, Diffindo Ability, Growth Ability, Hazard Cleaner Ability, Illumination Ability, Laser Deflector Ability, Magic Ability, Magical Shield Ability, Silver LEGO Blowup Ability, Target Ability, Water Spray Ability"
Titan Robot,Vehicle,Silver LEGO Blowup Ability
Torpedo Bomber,Vehicle,"Cargo Hook Ability, Flying Ability, Silver LEGO Blowup Ability"
Trident of Fire,Vehicle,"Dive Ability, Silver LEGO Blowup Ability, Special Attack Ability"
Triple Ballista,Vehicle,"Accelerator Switches Ability, Special Attack Ability, Target Ability"
Turret Striker,Vehicle,"Laser Ability, Silver LEGO Blowup Ability"
Ultimate Hoverjet,Vehicle,"Flying Ability, Silver LEGO Blowup Ability"
Ultra Destruction Dragon,Vehicle,Flying Ability
Ultra Time Machine,Vehicle,"Cargo Hook Ability, Flight Dock Ability, Flying Ability, Silver LEGO Blowup Ability, Time Travel Ability"
Ultrabat,Vehicle,"Flying Ability, Sonar Smash Ability, Super Strength Ability"
Unikitty,Character,"Big Transform Ability, Rainbow LEGO Objects Ability"
Velociraptor,Vehicle,"Tracking Ability, Vine Cut Ability"
Venom Raptor,Vehicle,"Dig Ability, Special Attack Ability, Super Strength Ability, Tracking Ability, Vine Cut Ability"
Vicious Vulture,Vehicle,"Flying Ability, Laser Ability"
Wicked Witch of the West,Character,"Flying Ability, Illumination Ability, Magic Ability, Magical Shield Ability, Mind Control Ability, Silver LEGO Blowup Ability"
Winston Zeddemore,Character,"Character Changing Ability, Ghost Puzzles Ability, Hazard Protection Ability, Laser Ability"
Wonder Woman,Character,"Acrobat Ability, Boomerang Ability, Dive Ability, Flying Ability, Grapple Ability, Invulnerability Ability, Laser Deflector Ability, Mind Control Ability, Super Strength Ability"
Wyldstyle,Character,"Acrobat Ability, Master Build Ability, Relic Detector Ability"
X-Stream Soaker,Vehicle,"Flying Ability, Growth Ability, Hazard Cleaner Ability"
Zane,Character,"Acrobat Ability, Boomerang Ability, Dive Ability, Spinjitzu Ability, Stealth Ability, X-Ray Vision Ability"
